feature_set,feature_count,selection_rank,weakened_threshold,stopped_threshold,seed_macro_f1_mean,seed_macro_f1_std,oof_accuracy,oof_balanced_accuracy,oof_macro_precision,oof_macro_recall,oof_macro_f1,oof_weighted_f1,oof_macro_pr_auc,oof_macro_ovr_roc_auc,oof_retained_precision,oof_retained_recall,oof_retained_f1,oof_retained_support,oof_retained_pr_auc,oof_weakened_precision,oof_weakened_recall,oof_weakened_f1,oof_weakened_support,oof_weakened_pr_auc,oof_stopped_precision,oof_stopped_recall,oof_stopped_f1,oof_stopped_support,oof_stopped_pr_auc,selected
core56_dl_stable,56,1,0.42,0.35,0.5686447389325703,0.0007776299634853884,0.6088388355830217,0.5596290991107374,0.5890147742954344,0.5596290991107374,0.5685171879735935,0.6072614585375028,0.5940748517145512,0.7722360079386235,0.7306770899003908,0.5903025364164205,0.6530313274735181,9817,0.7615216412371507,0.5703009737385659,0.6990686318835337,0.6281535648994515,11059,0.6032477000167005,0.4660662592473464,0.3895161290322581,0.4243666715478108,3720,0.4174552138898023,True
core56_dl_stable,56,2,0.36,0.35,0.5594268611373866,0.0016304899940301186,0.600707432102781,0.5505272733181686,0.5985241956752345,0.5505272733181686,0.5589855510654721,0.5963700006742352,0.5940748517145512,0.7722360079386235,0.7757735966412689,0.5082000611184679,0.6141063515509602,9817,0.7615216412371507,0.5537327311370882,0.7538656298037797,0.6384836300976451,11059,0.6032477000167005,0.4660662592473464,0.3895161290322581,0.4243666715478108,3720,0.4174552138898023,False
core56_dl_stable,56,3,0.3,0.35,0.5444800221068026,0.001851300251761374,0.5886729549520248,0.5387454237985104,0.6084183206197936,0.5387454237985104,0.5441185037659572,0.5787533630980035,0.5940748517145512,0.7722360079386235,0.8205574912891986,0.4318019761637975,0.5658412867916972,9817,0.7615216412371507,0.5386312113228356,0.7949181661994755,0.6421475529583638,11059,0.6032477000167005,0.4660662592473464,0.3895161290322581,0.4243666715478108,3720,0.4174552138898023,False
core56_dl_stable,56,4,0.42,0.45,0.5408706745857469,0.0008190925460444055,0.6153033013498129,0.5298209381365866,0.6090601644665532,0.5298209381365866,0.5421949867425563,0.6015673479953928,0.5940748517145512,0.7722360079386235,0.7291823899371069,0.5905062646429663,0.6525581133562222,9817,0.7615216412371507,0.5638021700059909,0.7658920336377611,0.6494900697799249,11059,0.6032477000167005,0.5341959334565619,0.23306451612903226,0.3245367770915216,3720,0.4174552138898023,False
core56_dl_stable,56,5,0.36,0.45,0.5312462418906772,0.002544329141352558,0.6075784680435843,0.5210167126325101,0.6197888606958459,0.5210167126325101,0.5324022268412354,0.5902954648225002,0.5940748517145512,0.7722360079386235,0.7758084577114428,0.5083019252317409,0.6141916425626193,9817,0.7615216412371507,0.5493621909195333,0.8216836965367574,0.6584782608695652,11059,0.6032477000167005,0.5341959334565619,0.23306451612903226,0.3245367770915216,3720,0.4174552138898023,False
core56_dl_stable,56,6,0.3,0.45,0.5159422643304764,0.002706073425146955,0.5955033338754269,0.5092009084084277,0.6301846508760179,0.5092009084084277,0.5171441972338044,0.572155746721254,0.5940748517145512,0.7722360079386235,0.8205574912891986,0.4318019761637975,0.5658412867916972,9817,0.7615216412371507,0.5358005278822935,0.8627362329324532,0.6610545278181944,11059,0.6032477000167005,0.5341959334565619,0.23306451612903226,0.3245367770915216,3720,0.4174552138898023,False
core56_dl_stable,56,7,0.42,0.55,0.4927521011164087,0.0018932600086219269,0.6072125548869735,0.4964570407013234,0.6075486471749428,0.4964570407013234,0.4930019857109511,0.5781135616762259,0.5940748517145512,0.7722360079386235,0.7008783539886897,0.5933584598146073,0.6426522506619594,9817,0.7615216412371507,0.5592675875361388,0.7871416945474274,0.6539212740384616,11059,0.6032477000167005,0.5625,0.10887096774193548,0.18243243243243243,3720,0.4174552138898023,False
core56_dl_stable,56,8,0.36,0.55,0.48736053875474444,0.003532780248016982,0.6044478777036917,0.49123091460509566,0.6269281458556272,0.49123091460509566,0.48708196515464725,0.5715681618241888,0.5940748517145512,0.7722360079386235,0.7751552795031056,0.5085056534582867,0.6141354493448976,9817,0.7615216412371507,0.543129158063776,0.8563161226150646,0.6646780136866117,11059,0.6032477000167005,0.5625,0.10887096774193548,0.18243243243243243,3720,0.4174552138898023,False
core56_dl_stable,56,9,0.3,0.55,0.4719312225858106,0.0036844903047079393,0.5924134005529355,0.4794376250611418,0.6378764593269358,0.4794376250611418,0.4717363739413833,0.5533074962772956,0.5940748517145512,0.7722360079386235,0.8205574912891986,0.4318019761637975,0.5658412867916972,9817,0.7615216412371507,0.5305718866916088,0.8976399312776924,0.6669354026000202,11059,0.6032477000167005,0.5625,0.10887096774193548,0.18243243243243243,3720,0.4174552138898023,False
