rank,feature,feature_group,importance_mean,importance_std,feature_group_label,importance_share_pct,baseline_pr_auc,metric,split,model_version,method,repeats
1,recent_recency_days,interval,0.03383042342752046,0.0031622701960120317,작성 간격,35.66844756548905,0.587896978288163,macro_pr_auc,train_pool_data,v05,single_feature_permutation,20
2,inactive_month_count_6m,activity,0.020107646239128453,0.0025721024716499406,리뷰 활동량,21.200104902095894,0.587896978288163,macro_pr_auc,train_pool_data,v05,single_feature_permutation,20
3,recent_unique_business_count,business,0.010502188467053874,0.00215656358456798,음식점 탐색,11.072777716263138,0.587896978288163,macro_pr_auc,train_pool_data,v05,single_feature_permutation,20
4,baseline_active_months,activity,0.007881561366356088,0.0008647365028147194,리뷰 활동량,8.309770610242131,0.587896978288163,macro_pr_auc,train_pool_data,v05,single_feature_permutation,20
5,recent_active_months,activity,0.004052230217540387,0.0017594753081109308,리뷰 활동량,4.272389949457489,0.587896978288163,macro_pr_auc,train_pool_data,v05,single_feature_permutation,20
6,recent_review_count,activity,0.0029540899435993805,0.0014628745689892583,리뷰 활동량,3.1145871550427637,0.587896978288163,macro_pr_auc,train_pool_data,v05,single_feature_permutation,20
7,inactive_month_count_3m,activity,0.002912010711205992,0.0017647500225090689,리뷰 활동량,3.070221736518364,0.587896978288163,macro_pr_auc,train_pool_data,v05,single_feature_permutation,20
8,recent_mean_interval_days,interval,0.0014285743057209865,0.0009450191856599021,작성 간격,1.50618947546376,0.587896978288163,macro_pr_auc,train_pool_data,v05,single_feature_permutation,20
9,recency_vs_mean_interval,interval,0.0010756557320027616,0.0006737506001783114,작성 간격,1.1340966558593937,0.587896978288163,macro_pr_auc,train_pool_data,v05,single_feature_permutation,20
10,review_count_slope_6m,activity,0.001028863440046085,0.0010934648578972718,리뷰 활동량,1.084762114844809,0.587896978288163,macro_pr_auc,train_pool_data,v05,single_feature_permutation,20
11,baseline_review_count,activity,0.0009300045615521669,0.0005630480945842498,리뷰 활동량,0.9805321831237975,0.587896978288163,macro_pr_auc,train_pool_data,v05,single_feature_permutation,20
12,unique_business_slope_6m,business,0.0009131391724714943,0.0008100055947583118,음식점 탐색,0.9627504888631758,0.587896978288163,macro_pr_auc,train_pool_data,v05,single_feature_permutation,20
13,baseline_new_business_rate,business,0.0008145376157860318,0.000566850521004271,음식점 탐색,0.8587918593755524,0.587896978288163,macro_pr_auc,train_pool_data,v05,single_feature_permutation,20
14,active_years,activity,0.0007682566755549014,0.000681534307217883,리뷰 활동량,0.8099964520862445,0.587896978288163,macro_pr_auc,train_pool_data,v05,single_feature_permutation,20
15,baseline_median_interval_days,interval,0.0006835516080176518,0.0005779638609037605,작성 간격,0.7206893150811005,0.587896978288163,macro_pr_auc,train_pool_data,v05,single_feature_permutation,20
16,baseline_unique_business_count,business,0.000616457002444526,0.00041100705933003716,음식점 탐색,0.6499494254093262,0.587896978288163,macro_pr_auc,train_pool_data,v05,single_feature_permutation,20
17,years_since_last_elite,activity,0.0006012458542057342,0.0006731763099855855,리뷰 활동량,0.6339118477381918,0.587896978288163,macro_pr_auc,train_pool_data,v05,single_feature_permutation,20
18,recency_increase_days,interval,0.0005674524572371386,0.00023342624869890168,작성 간격,0.5982824382980022,0.587896978288163,macro_pr_auc,train_pool_data,v05,single_feature_permutation,20
19,recent_max_interval_days,interval,0.0005078941558625316,0.0009722438691930384,작성 간격,0.5354883040708308,0.587896978288163,macro_pr_auc,train_pool_data,v05,single_feature_permutation,20
20,baseline_reviews_per_active_month,activity,0.0003976331468749206,0.00033510283138409795,리뷰 활동량,0.4192367582981809,0.587896978288163,macro_pr_auc,train_pool_data,v05,single_feature_permutation,20
21,recent_new_business_rate,business,0.00035108552289789263,0.00046432121189421047,음식점 탐색,0.37016017819921254,0.587896978288163,macro_pr_auc,train_pool_data,v05,single_feature_permutation,20
22,review_recent3m_vs_prev3m,activity,0.0003121599095532113,0.00032297375656290884,리뷰 활동량,0.3291197164528835,0.587896978288163,macro_pr_auc,train_pool_data,v05,single_feature_permutation,20
23,baseline_mean_interval_days,interval,0.0002717578260224895,0.00023198462081327722,작성 간격,0.28652256714319546,0.587896978288163,macro_pr_auc,train_pool_data,v05,single_feature_permutation,20
24,new_business_rate_decline,business,0.000258894493803552,0.0003607767907981402,음식점 탐색,0.27296036353224684,0.587896978288163,macro_pr_auc,train_pool_data,v05,single_feature_permutation,20
25,baseline_recency_days,interval,0.00024097728177490673,0.0005488986256768163,작성 간격,0.2540697002470926,0.587896978288163,macro_pr_auc,train_pool_data,v05,single_feature_permutation,20
26,active_month_decline_rate,activity,0.00023125397530037172,0.00018327716128164939,리뷰 활동량,0.2438181215787628,0.587896978288163,macro_pr_auc,train_pool_data,v05,single_feature_permutation,20
27,baseline_max_interval_days,interval,0.00022181096262224309,0.0001922377135032309,작성 간격,0.2338620652115793,0.587896978288163,macro_pr_auc,train_pool_data,v05,single_feature_permutation,20
28,max_interval_increase_days,interval,7.980929860019193e-05,0.00023118764582509546,작성 간격,0.08414537844784069,0.587896978288163,macro_pr_auc,train_pool_data,v05,single_feature_permutation,20
29,unique_business_ratio,business,6.364035939475099e-05,0.00010733370437923858,음식점 탐색,0.06709797253894219,0.587896978288163,macro_pr_auc,train_pool_data,v05,single_feature_permutation,20
30,reviews_per_active_month_decline_rate,activity,5.6788123107021084e-05,6.360724248466408e-05,리뷰 활동량,0.05987345076318418,0.587896978288163,macro_pr_auc,train_pool_data,v05,single_feature_permutation,20
31,median_interval_increase_days,interval,5.282767450056625e-05,0.00022568321613616673,작성 간격,0.05569782896649589,0.587896978288163,macro_pr_auc,train_pool_data,v05,single_feature_permutation,20
32,review_count_decline_rate,activity,5.0476964208168165e-05,0.0001024550169007336,리뷰 활동량,0.05321940338646461,0.587896978288163,macro_pr_auc,train_pool_data,v05,single_feature_permutation,20
33,recent_median_interval_days,interval,4.310588399030757e-05,0.0005350225221424167,작성 간격,0.04544784862555382,0.587896978288163,macro_pr_auc,train_pool_data,v05,single_feature_permutation,20
34,recent_revisited_business_count,business,2.7378177299552943e-05,0.00011632383383045434,음식점 탐색,0.028865647618627522,0.587896978288163,macro_pr_auc,train_pool_data,v05,single_feature_permutation,20
35,unique_business_decline_rate,business,1.153604449297685e-05,1.4155177521404888e-05,음식점 탐색,0.01216280366671874,0.587896978288163,macro_pr_auc,train_pool_data,v05,single_feature_permutation,20
36,recent_new_business_count,business,-1.946567271249311e-06,0.0005489063613237421,음식점 탐색,0.0,0.587896978288163,macro_pr_auc,train_pool_data,v05,single_feature_permutation,20
37,unique_business_count_diff,business,-5.147360560059377e-06,5.831733501509639e-05,음식점 탐색,0.0,0.587896978288163,macro_pr_auc,train_pool_data,v05,single_feature_permutation,20
38,reviews_per_active_month_diff,activity,-1.5677652444701096e-05,0.0002646051129499165,리뷰 활동량,0.0,0.587896978288163,macro_pr_auc,train_pool_data,v05,single_feature_permutation,20
39,new_business_count_diff,business,-5.847470843629021e-05,3.8697961998536995e-05,음식점 탐색,0.0,0.587896978288163,macro_pr_auc,train_pool_data,v05,single_feature_permutation,20
40,months_since_last_new_business,business,-6.713929765815307e-05,0.00011855641040475703,음식점 탐색,0.0,0.587896978288163,macro_pr_auc,train_pool_data,v05,single_feature_permutation,20
41,mean_interval_increase_days,interval,-0.00011732641663923515,0.00032606812479418616,작성 간격,0.0,0.587896978288163,macro_pr_auc,train_pool_data,v05,single_feature_permutation,20
42,review_count_diff,activity,-0.0001824627351996899,0.00017270026954068377,리뷰 활동량,0.0,0.587896978288163,macro_pr_auc,train_pool_data,v05,single_feature_permutation,20
43,baseline_new_business_count,business,-0.000252459454571502,0.00017216506504524667,음식점 탐색,0.0,0.587896978288163,macro_pr_auc,train_pool_data,v05,single_feature_permutation,20
44,recent_reviews_per_active_month,activity,-0.00025693648700546025,0.0004749016805013034,리뷰 활동량,0.0,0.587896978288163,macro_pr_auc,train_pool_data,v05,single_feature_permutation,20
45,recent_new_vs_baseline_count,activity,-0.0005414396617880845,0.0002989051122869197,리뷰 활동량,0.0,0.587896978288163,macro_pr_auc,train_pool_data,v05,single_feature_permutation,20
